<?xml version="1.0" encoding="UTF-8"?>
<jcr:root xmlns:cq="http://www.day.com/jcr/cq/1.0" xmlns:jcr="http://www.jcp.org/jcr/1.0"
    jcr:primaryType="cq:Dialog"
    xtype="dialog">
    <items
        jcr:primaryType="cq:Widget"
        xtype="tabpanel">
        <items jcr:primaryType="cq:WidgetCollection">
            <tab1
                jcr:primaryType="cq:Panel"
                title="Tab 1">
                <items jcr:primaryType="cq:WidgetCollection">
                    <path
                        jcr:primaryType="cq:Widget"
                        name="./imagePath"
                        xtype="pathfield"/>
                    <definitions
                        jcr:primaryType="cq:Widget"
                        fieldLabel="Definitions"
                        name="./definitions"
                        orderable="{Boolean}true"
                        xtype="multifield">
                        <fieldConfig
                            jcr:primaryType="cq:Widget"
                            xtype="multifieldpanel">
                            <items jcr:primaryType="cq:WidgetCollection">
                                <term
                                    jcr:primaryType="cq:Widget"
                                    fieldLabel="Term"
                                    key="term"
                                    width="250"
                                    xtype="textfield"/>
                                <link
                                    jcr:primaryType="cq:Widget"
                                    fieldLabel="Definition"
                                    key="definition"
                                    width="250"
                                    xtype="textarea"/>
                            </items>
                        </fieldConfig>
                    </definitions>
                </items>
            </tab1>
        </items>
    </items>
</jcr:root>
