<?xml version="1.0" encoding="UTF-8"?>
<jcr:root xmlns:cq="http://www.day.com/jcr/cq/1.0" xmlns:jcr="http://www.jcp.org/jcr/1.0" xmlns:nt="http://www.jcp.org/jcr/nt/1.0"
    jcr:primaryType="cq:Dialog"
    title="text"
    xtype="dialog">
    <items
        jcr:primaryType="cq:Widget"
        xtype="tabpanel">
        <items jcr:primaryType="cq:WidgetCollection">
            <tab1
                jcr:primaryType="cq:Panel"
                title="text">
                <items jcr:primaryType="cq:WidgetCollection">
                    <text
                        jcr:primaryType="cq:Widget"
                        fieldLabel="RTE"
                        hideLabel="{Boolean}true"
                        name="./text"
                        xtype="richtext">
                        <rtePlugins jcr:primaryType="nt:unstructured">
                            <table
                                jcr:primaryType="nt:unstructured"
                                features="[table]"/>
                            <edit
                                jcr:primaryType="nt:unstructured"
                                features="[cut,copy,paste-default]"/>
                            <findreplace
                                jcr:primaryType="nt:unstructured"
                                features="[find,replace]"/>
                            <undo
                                jcr:primaryType="nt:unstructured"
                                features="[undo,redo]"/>
                            <format
                                jcr:primaryType="nt:unstructured"
                                features="[bold,italic]"/>
                            <lists
                                jcr:primaryType="nt:unstructured"
                                features="[ordered,unordered]"/>
                            <misctools
                                jcr:primaryType="nt:unstructured"
                                features="[specialchars]"/>
                            <spellcheck
                                jcr:primaryType="nt:unstructured"
                                features="[checktext]"/>
                            <links
                                jcr:primaryType="nt:unstructured"
                                features="[modifylink,unlink,anchor]"/>
                        </rtePlugins>
                    </text>
                </items>
            </tab1>
        </items>
    </items>
</jcr:root>
